,doc2vec__n_dim,knn__n_neighbors,mean_test_score,std_test_score,mean_fit_time,mean_score_time
0,200,5,0.6284218949975059,0.009369006471419224,368.00025153160095,5394.009000396729
1,200,10,0.7853098755985325,0.0021658247884237315,373.5363126754761,5272.061748361588
2,10,5,0.40981922881449845,0.007564393477143924,315.35808577537534,702.8325851917267
3,10,10,0.5617416413016947,0.013964931837037422,314.92745847702025,718.009016084671
